//Scenario,Injector,MaxMw,Enforce,ScaleFactor,Schedule,Sequence
ScnDA,40426_B1,,1,,gen_40426_B1,
ScnDA,109003_EQ,,1,,gen_109003_EQ,
ScnDA,109021_B1,,1,,gen_109021_B1,
ScnDA,109062_B1,,1,,gen_109062_B1,
ScnDA,109081_B1,,1,,gen_109081_B1,
ScnDA,110001_N2,,1,,gen_110001_N2,
ScnDA,110002_N1,,1,,gen_110002_N1,
ScnDA,110231_P1,,1,,gen_110231_P1,
ScnDA,110261_N1,,1,,gen_110261_N1,
ScnDA,110331_P1,,1,,gen_110331_P1,
ScnDA,110331_P5,,1,,gen_110331_P5,
ScnDA,110332_P2,,1,,gen_110332_P2,
ScnDA,110332_P7,,1,,gen_110332_P7,
ScnDA,110333_P6,,1,,gen_110333_P6,
ScnDA,110334_P3,,1,,gen_110334_P3,
ScnDA,110335_P8,,1,,gen_110335_P8,
ScnDA,110481_N1,,1,,gen_110481_N1,
ScnDA,110482_N2,,1,,gen_110482_N2,
ScnDA,110501_PE,,1,,gen_110501_PE,
ScnDA,110502_PE,,1,,gen_110502_PE,
ScnDA,110503_PE,,1,,gen_110503_PE,
ScnDA,110504_PE,,1,,gen_110504_PE,
ScnDA,110551_P1,,1,,gen_110551_P1,
ScnDA,110561_PE,,1,,gen_110561_PE,
ScnDA,110681_P1,,1,,gen_110681_P1,
ScnDA,110701_PE,,1,,gen_110701_PE,
ScnDA,110722_N2,,1,,gen_110722_N2,
ScnDA,110841_P1,,1,,gen_110841_P1,
ScnDA,110861_P1,,1,,gen_110861_P1,
ScnDA,110862_P2,,1,,gen_110862_P2,
ScnDA,110921_P1,,1,,gen_110921_P1,
ScnDA,110941_PE,,1,,gen_110941_PE,
ScnDA,110942_PE,,1,,gen_110942_PE,
ScnDA,110943_PE,,1,,gen_110943_PE,
ScnDA,110944_PE,,1,,gen_110944_PE,
ScnDA,111011_P1,,1,,gen_111011_P1,
ScnDA,111161_1,,1,,gen_111161_1,
ScnDA,111181_N1,,1,,gen_111181_N1,
ScnDA,120013_N7,,1,,gen_120013_N7,
ScnDA,120071_L1,,1,,gen_120071_L1,
ScnDA,120072_L2,,1,,gen_120072_L2,
ScnDA,120161_R1,,1,,gen_120161_R1,
ScnDA,130121_W1,,1,,gen_130121_W1,
ScnDA,130121_W2,,1,,gen_130121_W2,
ScnDA,130221_W1,,1,,gen_130221_W1,
ScnDA,130331_W1,,1,,gen_130331_W1,
ScnDA,130431_W1,,1,,gen_130431_W1,
ScnDA,130531_W1,,1,,gen_130531_W1,
ScnDA,130631_W1,,1,,gen_130631_W1,
ScnDA,130731_W1,,1,,gen_130731_W1,
ScnDA,130831_W1,,1,,gen_130831_W1,
ScnDA,130931_W1,,1,,gen_130931_W1,
ScnDA,131031_W1,,1,,gen_131031_W1,
ScnDA,131032_W1,,1,,gen_131032_W1,
ScnDA,131131_PE,,1,,gen_131131_PE,
ScnDA,131141_W1,,1,,gen_131141_W1,
ScnDA,131142_W2,,1,,gen_131142_W2,
ScnDA,131251_W1,,1,,gen_131251_W1,
ScnDA,131351_W1,,1,,gen_131351_W1,
ScnDA,131451_W1,,1,,gen_131451_W1,
ScnDA,131455_W1,,1,,gen_131455_W1,
ScnDA,131551_W1,,1,,gen_131551_W1,
ScnDA,131651_W1,,1,,gen_131651_W1,
ScnDA,131751_W2,,1,,gen_131751_W2,
ScnDA,131752_W3,,1,,gen_131752_W3,
ScnDA,131851_BT,,1,,gen_131851_BT,
ScnDA,131851_W1,,1,,gen_131851_W1,
ScnDA,131851_W2,,1,,gen_131851_W2,
ScnDA,131951_W1,,1,,gen_131951_W1,
ScnDA,131952_W1,,1,,gen_131952_W1,
ScnDA,132111_W1,,1,,gen_132111_W1,
ScnDA,132161_W2,,1,,gen_132161_W2,
ScnDA,132211_W1,,1,,gen_132211_W1,
ScnDA,132212_W2,,1,,gen_132212_W2,
ScnDA,132332_S1,,1,,gen_132332_S1,
ScnDA,132333_S2,,1,,gen_132333_S2,
ScnDA,132382_W1,,1,,gen_132382_W1,
ScnDA,132431_S1,,1,,gen_132431_S1,
ScnDA,132436_1,,1,,gen_132436_1,
ScnDA,132481_S1,,1,,gen_132481_S1,
ScnDA,132631_W1,,1,,gen_132631_W1,
ScnDA,132681_W2,,1,,gen_132681_W2,
ScnDA,132731_1,,1,,gen_132731_1,
ScnDA,132781_G1,,1,,gen_132781_G1,
ScnDA,132831_S1,,1,,gen_132831_S1,
ScnDA,132881_S1,,1,,gen_132881_S1,
ScnDA,132931_BT,,1,,gen_132931_BT,
ScnDA,132941_1,,1,,gen_132941_1,
ScnDA,132991_W1,,1,,gen_132991_W1,
ScnDA,140001_EQ,,1,,gen_140001_EQ,
ScnDA,140081_W1,,1,,gen_140081_W1,
ScnDA,140181_W1,,1,,gen_140181_W1,
ScnDA,140281_W1,,1,,gen_140281_W1,
ScnDA,140331_W1,,1,,gen_140331_W1,
ScnDA,140381_BT,,1,,gen_140381_BT,
ScnDA,140381_W1,,1,,gen_140381_W1,
ScnDA,140382_W2,,1,,gen_140382_W2,
ScnDA,140401_W2,,1,,gen_140401_W2,
ScnDA,140441_W1,,1,,gen_140441_W1,
ScnDA,140471_W1,,1,,gen_140471_W1,
ScnDA,140472_W1,,1,,gen_140472_W1,
ScnDA,140501_W1,,1,,gen_140501_W1,
ScnDA,140502_W2,,1,,gen_140502_W2,
ScnDA,140601_W1,,1,,gen_140601_W1,
ScnDA,140602_W2,,1,,gen_140602_W2,
ScnDA,140651_W1,,1,,gen_140651_W1,
ScnDA,140652_W2,,1,,gen_140652_W2,
ScnDA,140654_W3,,1,,gen_140654_W3,
ScnDA,140655_W4,,1,,gen_140655_W4,
ScnDA,140701_W1,,1,,gen_140701_W1,
ScnDA,140751_W1,,1,,gen_140751_W1,
ScnDA,140752_W2,,1,,gen_140752_W2,
ScnDA,140801_W1,,1,,gen_140801_W1,
ScnDA,140802_W2,,1,,gen_140802_W2,
ScnDA,140851_W1,,1,,gen_140851_W1,
ScnDA,140852_W2,,1,,gen_140852_W2,
ScnDA,140901_W1,,1,,gen_140901_W1,
ScnDA,140902_W2,,1,,gen_140902_W2,
ScnDA,140951_W1,,1,,gen_140951_W1,
ScnDA,140952_W2,,1,,gen_140952_W2,
ScnDA,141001_W1,,1,,gen_141001_W1,
ScnDA,141051_W1,,1,,gen_141051_W1,
ScnDA,141052_W2,,1,,gen_141052_W2,
ScnDA,141151_W1,,1,,gen_141151_W1,
ScnDA,141202_W1,,1,,gen_141202_W1,
ScnDA,141205_W2,,1,,gen_141205_W2,
ScnDA,141302_W1,,1,,gen_141302_W1,
ScnDA,141353_W1,,1,,gen_141353_W1,
ScnDA,141354_W2,,1,,gen_141354_W2,
ScnDA,141401_W1,,1,,gen_141401_W1,
ScnDA,141451_W2,,1,,gen_141451_W2,
ScnDA,141501_W1,,1,,gen_141501_W1,
ScnDA,141501_W2,,1,,gen_141501_W2,
ScnDA,141662_S1,,1,,gen_141662_S1,
ScnDA,141711_W1,,1,,gen_141711_W1,
ScnDA,141761_W1,,1,,gen_141761_W1,
ScnDA,141762_W2,,1,,gen_141762_W2,
ScnDA,141811_W1,,1,,gen_141811_W1,
ScnDA,141812_W2,,1,,gen_141812_W2,
ScnDA,141861_W1,,1,,gen_141861_W1,
ScnDA,141862_W2,,1,,gen_141862_W2,
ScnDA,142011_W1,,1,,gen_142011_W1,
ScnDA,142061_1,,1,,gen_142061_1,
ScnDA,142111_2,,1,,gen_142111_2,
ScnDA,150011_H1,,1,,gen_150011_H1,
ScnDA,150012_H2,,1,,gen_150012_H2,
ScnDA,150041_N1,,1,,gen_150041_N1,
ScnDA,150071_N4,,1,,gen_150071_N4,
ScnDA,150072_N5,,1,,gen_150072_N5,
ScnDA,150162_C0,,1,,gen_150162_C0,
ScnDA,150211_W1,,1,,gen_150211_W1,
ScnDA,150311_W1,,1,,gen_150311_W1,
ScnDA,150312_W2,,1,,gen_150312_W2,
ScnDA,150411_W1,,1,,gen_150411_W1,
ScnDA,150511_W1,,1,,gen_150511_W1,
ScnDA,150611_W1,,1,,gen_150611_W1,
ScnDA,150751_W1,,1,,gen_150751_W1,
ScnDA,150752_W2,,1,,gen_150752_W2,
ScnDA,150801_W1,,1,,gen_150801_W1,
ScnDA,150962_W1,,1,,gen_150962_W1,
ScnDA,150981_W1,,1,,gen_150981_W1,
ScnDA,151031_W1,,1,,gen_151031_W1,
ScnDA,151032_W2,,1,,gen_151032_W2,
ScnDA,151091_W1,,1,,gen_151091_W1,
ScnDA,151091_W2,,1,,gen_151091_W2,
ScnDA,151142_W1,,1,,gen_151142_W1,
ScnDA,151191_N1,,1,,gen_151191_N1,
ScnDA,151192_N2,,1,,gen_151192_N2,
ScnDA,151193_N3,,1,,gen_151193_N3,
ScnDA,151194_N4,,1,,gen_151194_N4,
ScnDA,160007_F1,,1,,gen_160007_F1,
ScnDA,160007_F2,,1,,gen_160007_F2,
ScnDA,160008_B1,,1,,gen_160008_B1,
ScnDA,160211_PE,,1,,gen_160211_PE,
ScnDA,160221_P1,,1,,gen_160221_P1,
ScnDA,160291_W1,,1,,gen_160291_W1,
ScnDA,160292_W2,,1,,gen_160292_W2,
ScnDA,160293_W3,,1,,gen_160293_W3,
ScnDA,160296_W1,,1,,gen_160296_W1,
ScnDA,160297_W2,,1,,gen_160297_W2,
ScnDA,160391_W1,,1,,gen_160391_W1,
ScnDA,160392_W1,,1,,gen_160392_W1,
ScnDA,160491_W1,,1,,gen_160491_W1,
ScnDA,160492_W2,,1,,gen_160492_W2,
ScnDA,160591_W1,,1,,gen_160591_W1,
ScnDA,160593_W2,,1,,gen_160593_W2,
ScnDA,160691_W1,,1,,gen_160691_W1,
ScnDA,160693_W2,,1,,gen_160693_W2,
ScnDA,160741_W1,,1,,gen_160741_W1,
ScnDA,160742_W2,,1,,gen_160742_W2,
ScnDA,160832_W1,,1,,gen_160832_W1,
ScnDA,160881_W1,,1,,gen_160881_W1,
ScnDA,160982_W1,,1,,gen_160982_W1,
ScnDA,161052_W1,,1,,gen_161052_W1,
ScnDA,161102_W1,,1,,gen_161102_W1,
ScnDA,161103_W2,,1,,gen_161103_W2,
ScnDA,161106_W3,,1,,gen_161106_W3,
ScnDA,161107_W4,,1,,gen_161107_W4,
ScnDA,161108_W5,,1,,gen_161108_W5,
ScnDA,161201_W1,,1,,gen_161201_W1,
ScnDA,161451_W1,,1,,gen_161451_W1,
ScnDA,161452_W2,,1,,gen_161452_W2,
ScnDA,161551_W1,,1,,gen_161551_W1,
ScnDA,161602_W1,,1,,gen_161602_W1,
ScnDA,161701_W1,,1,,gen_161701_W1,
ScnDA,161701_W2,,1,,gen_161701_W2,
ScnDA,161702_W3,,1,,gen_161702_W3,
ScnDA,161751_W1,,1,,gen_161751_W1,
ScnDA,161752_W2,,1,,gen_161752_W2,
ScnDA,170021_H1,,1,,gen_170021_H1,
ScnDA,170021_H2,,1,,gen_170021_H2,
ScnDA,170200_S1,,1,,gen_170200_S1,
ScnDA,170231_W1,,1,,gen_170231_W1,
ScnDA,170232_W1,,1,,gen_170232_W1,
ScnDA,170233_W1,,1,,gen_170233_W1,
ScnDA,170234_W1,,1,,gen_170234_W1,
ScnDA,170235_W1,,1,,gen_170235_W1,
ScnDA,170341_S1,,1,,gen_170341_S1,
ScnDA,170381_BT,,1,,gen_170381_BT,
ScnDA,170381_S1,,1,,gen_170381_S1,
ScnDA,170401_N1,,1,,gen_170401_N1,
ScnDA,170402_N2,,1,,gen_170402_N2,
ScnDA,170441_W1,,1,,gen_170441_W1,
ScnDA,180051_W1,,1,,gen_180051_W1,
ScnDA,180053_W1,,1,,gen_180053_W1,
ScnDA,180151_W1,,1,,gen_180151_W1,
ScnDA,180153_W1,,1,,gen_180153_W1,
ScnDA,180153_W2,,1,,gen_180153_W2,
ScnDA,180156_W1,,1,,gen_180156_W1,
ScnDA,180156_W2,,1,,gen_180156_W2,
ScnDA,180159_W1,,1,,gen_180159_W1,
ScnDA,180160_W1,,1,,gen_180160_W1,
ScnDA,180162_W1,,1,,gen_180162_W1,
ScnDA,180251_W1,,1,,gen_180251_W1,
ScnDA,180252_W2,,1,,gen_180252_W2,
ScnDA,180351_W1,,1,,gen_180351_W1,
ScnDA,180450_W1,,1,,gen_180450_W1,
ScnDA,180451_W1,,1,,gen_180451_W1,
ScnDA,180452_W2,,1,,gen_180452_W2,
ScnDA,180453_W1,,1,,gen_180453_W1,
ScnDA,180456_W1,,1,,gen_180456_W1,
ScnDA,180458_W1,,1,,gen_180458_W1,
ScnDA,180460_W1,,1,,gen_180460_W1,
ScnDA,180462_W1,,1,,gen_180462_W1,
ScnDA,180551_W1,,1,,gen_180551_W1,
ScnDA,180651_W1,,1,,gen_180651_W1,
ScnDA,180652_W2,,1,,gen_180652_W2,
ScnDA,180751_W1,,1,,gen_180751_W1,
ScnDA,180753_W1,,1,,gen_180753_W1,
ScnDA,180756_W1,,1,,gen_180756_W1,
ScnDA,180758_W1,,1,,gen_180758_W1,
ScnDA,180851_W1,,1,,gen_180851_W1,
ScnDA,180951_W1,,1,,gen_180951_W1,
ScnDA,180957_BT,,1,,gen_180957_BT,
ScnDA,180957_W1,,1,,gen_180957_W1,
ScnDA,180960_W1,,1,,gen_180960_W1,
ScnDA,181011_W2,,1,,gen_181011_W2,
ScnDA,181031_BT,,1,,gen_181031_BT,
ScnDA,181031_W2,,1,,gen_181031_W2,
ScnDA,181051_W1,,1,,gen_181051_W1,
ScnDA,181151_W1,,1,,gen_181151_W1,
ScnDA,181151_W3,,1,,gen_181151_W3,
ScnDA,181152_W2,,1,,gen_181152_W2,
ScnDA,181152_W4,,1,,gen_181152_W4,
ScnDA,181251_W1,,1,,gen_181251_W1,
ScnDA,181351_W1,,1,,gen_181351_W1,
ScnDA,181351_W2,,1,,gen_181351_W2,
ScnDA,181451_W1,,1,,gen_181451_W1,
ScnDA,181551_W1,,1,,gen_181551_W1,
ScnDA,181552_W2,,1,,gen_181552_W2,
ScnDA,181651_S1,,1,,gen_181651_S1,
ScnDA,181651_S2,,1,,gen_181651_S2,
ScnDA,181681_S1,,1,,gen_181681_S1,
ScnDA,181732_S1,,1,,gen_181732_S1,
ScnDA,181751_W1,,1,,gen_181751_W1,
ScnDA,181752_W2,,1,,gen_181752_W2,
ScnDA,181851_W1,,1,,gen_181851_W1,
ScnDA,181901_W2,,1,,gen_181901_W2,
ScnDA,181951_1,,1,,gen_181951_1,
ScnDA,182001_1,,1,,gen_182001_1,
ScnDA,182052_W1,,1,,gen_182052_W1,
ScnDA,901841_B2,,1,,gen_901841_B2,
ScnDA,902527_W1,,1,,gen_902527_W1,
ScnDA,902542_W2,,1,,gen_902542_W2,
