//Injector,MinDispatch,MinOn,MinOff,BaseCost,HotStartCost,WarmStartCost,ColdStartCost,TimeToWarm,TimeToCold,HotUpTime,WarmUpTime,ColdUpTime
40426_B1,1,,,,,,,,,,,
109003_EQ,1,,,,,,,,,,,
109021_B1,1,,,,,,,,,,,
109062_B1,1,,,,,,,,,,,
109081_B1,1,,,,,,,,,,,
110001_N2,23,,,,,,,,,,,
110002_N1,23,,,,,,,,,,,
110011_N1,23,,,,,,,,,,,
110012_N2,24,,,,,,,,,,,
110013_N3,46,,,,,,,,,,,
110014_N4,45,,,,,,,,,,,
110015_L5,133,,,,,,,,,,,
110016_L6,134,,,,,,,,,,,
110017_L7,134,,,,,,,,,,,
110018_L8,132,,,,,,,,,,,
110019_BS,2,,,,,,,,,,,
110020_N1,1,,,,,,,,,,,
110031_N1,1,,,,,,,,,,,
110032_N2,1,,,,,,,,,,,
110034_C7,5,,,,,,,,,,,
110035_C8,5,,,,,,,,,,,
110036_C9,3,,,,,,,,,,,
110037_C0,3,,,,,,,,,,,
110041_BS,3,,,,,,,,,,,
110042_C1,45,,,,,,,,,,,
110043_C2,45,,,,,,,,,,,
110044_C3,45,,,,,,,,,,,
110045_C4,45,,,,,,,,,,,
110046_C0,14,,,,,,,,,,,
110047_C5,45,,,,,,,,,,,
110048_C6,45,,,,,,,,,,,
110049_C7,45,,,,,,,,,,,
110050_C8,45,,,,,,,,,,,
110051_C0,14,,,,,,,,,,,
110052_N1,36,,,,,,,,,,,
110053_N2,36,,,,,,,,,,,
110054_N3,36,,,,,,,,,,,
110055_N4,36,,,,,,,,,,,
110056_N5,36,,,,,,,,,,,
110057_N6,36,,,,,,,,,,,
110071_N1,47,,,,,,,,,,,
110072_N2,47,,,,,,,,,,,
110073_C1,100,,,,,,,,,,,
110074_C2,100,,,,,,,,,,,
110075_C0,50,,,,,,,,,,,
110092_N1,26,,,,,,,,,,,
110093_N2,26,,,,,,,,,,,
110094_N3,26,,,,,,,,,,,
110095_N4,26,,,,,,,,,,,
110096_N5,26,,,,,,,,,,,
110097_N6,26,,,,,,,,,,,
110111_P1,1,,,,,,,,,,,
110114_P1,1,,,,,,,,,,,
110116_P1,1,,,,,,,,,,,
110117_P1,1,,,,,,,,,,,
110123_P1,1,,,,,,,,,,,
110124_P1,1,,,,,,,,,,,
110125_P1,1,,,,,,,,,,,
110135_P1,1,,,,,,,,,,,
110137_P1,1,,,,,,,,,,,
110139_P1,1,,,,,,,,,,,
110141_P1,1,,,,,,,,,,,
110146_P1,1,,,,,,,,,,,
110147_P1,1,,,,,,,,,,,
110171_PE,1,,,,,,,,,,,
110172_PE,1,,,,,,,,,,,
110173_PE,1,,,,,,,,,,,
110174_PE,1,,,,,,,,,,,
110201_PE,1,,,,,,,,,,,
110202_PE,1,,,,,,,,,,,
110203_PE,1,,,,,,,,,,,
110204_PE,1,,,,,,,,,,,
110205_C0,1,,,,,,,,,,,
110231_P1,1,,,,,,,,,,,
110261_N1,58,,,,,,,,,,,
110271_PE,50,,,,,,,,,,,
110272_PE,50,,,,,,,,,,,
110273_PE,8,,,,,,,,,,,
110280_PE,85,,,,,,,,,,,
110281_PE,85,,,,,,,,,,,
110282_PE,85,,,,,,,,,,,
110283_PE,20,,,,,,,,,,,
110284_PE,25,,,,,,,,,,,
110331_P1,1,,,,,,,,,,,
110331_P5,1,,,,,,,,,,,
110332_P7,1,,,,,,,,,,,
110332_P2,1,,,,,,,,,,,
110333_P6,1,,,,,,,,,,,
110334_P3,1,,,,,,,,,,,
110335_P8,1,,,,,,,,,,,
110351_U1,102,,,,,,,,,,,
110352_U2,102,,,,,,,,,,,
110371_P1,1,,,,,,,,,,,
110372_P2,1,,,,,,,,,,,
110373_P3,1,,,,,,,,,,,
110374_P4,1,,,,,,,,,,,
110375_P8,1,,,,,,,,,,,
110375_PF,1,,,,,,,,,,,
110376_PA,1,,,,,,,,,,,
110376_P9,1,,,,,,,,,,,
110376_PD,1,,,,,,,,,,,
110376_PB,1,,,,,,,,,,,
110376_PC,1,,,,,,,,,,,
110381_PE,1,,,,,,,,,,,
110451_P1,1,,,,,,,,,,,
110452_P2,1,,,,,,,,,,,
110453_P3,1,,,,,,,,,,,
110454_P4,1,,,,,,,,,,,
110455_P5,1,,,,,,,,,,,
110456_P6,1,,,,,,,,,,,
110457_P7,1,,,,,,,,,,,
110458_P8,1,,,,,,,,,,,
110459_P9,1,,,,,,,,,,,
110460_PA,1,,,,,,,,,,,
110467_PB,1,,,,,,,,,,,
110469_PC,1,,,,,,,,,,,
110481_N1,42,,,,,,,,,,,
110482_N2,42,,,,,,,,,,,
110501_PE,1,,,,,,,,,,,
110502_PE,1,,,,,,,,,,,
110503_PE,1,,,,,,,,,,,
110504_PE,1,,,,,,,,,,,
110521_PE,1,,,,,,,,,,,
110522_PE,1,,,,,,,,,,,
110551_P1,1,,,,,,,,,,,
110561_PE,1,,,,,,,,,,,
110571_PE,1,,,,,,,,,,,
110572_PE,1,,,,,,,,,,,
110573_PE,1,,,,,,,,,,,
110574_PE,1,,,,,,,,,,,
110575_PE,1,,,,,,,,,,,
110576_PE,1,,,,,,,,,,,
110577_PE,1,,,,,,,,,,,
110601_C1,60,,,,,,,,,,,
110602_C2,62,,,,,,,,,,,
110603_C3,62,,,,,,,,,,,
110604_C0,1,,,,,,,,,,,
110621_C2,65,,,,,,,,,,,
110622_C3,65,,,,,,,,,,,
110623_C0,50,,,,,,,,,,,
110661_PE,1,,,,,,,,,,,
110662_PE,1,,,,,,,,,,,
110663_C2,1,,,,,,,,,,,
110668_C3,1,,,,,,,,,,,
110681_P1,1,,,,,,,,,,,
110701_PE,1,,,,,,,,,,,
110722_N2,1,,,,,,,,,,,
110731_PE,1,,,,,,,,,,,
110732_PE,1,,,,,,,,,,,
110733_PE,1,,,,,,,,,,,
110734_PE,1,,,,,,,,,,,
110751_C1,75,,,,,,,,,,,
110752_C2,75,,,,,,,,,,,
110753_C3,75,,,,,,,,,,,
110754_C4,75,,,,,,,,,,,
110755_C0,15,,,,,,,,,,,
110761_C6,75,,,,,,,,,,,
110771_C1,75,,,,,,,,,,,
110772_C2,75,,,,,,,,,,,
110773_C0,60,,,,,,,,,,,
110791_C1,40,,,,,,,,,,,
110792_C2,40,,,,,,,,,,,
110793_C0,50,,,,,,,,,,,
110794_C3,40,,,,,,,,,,,
110795_C4,40,,,,,,,,,,,
110796_C0,50,,,,,,,,,,,
110821_C1,110,,,,,,,,,,,
110822_C2,110,,,,,,,,,,,
110823_C3,110,,,,,,,,,,,
110824_C0,95,,,,,,,,,,,
110841_P1,11.98,,,,,,,,,,,
110861_P1,1,,,,,,,,,,,
110862_P2,1,,,,,,,,,,,
110881_C5,1,,,,,,,,,,,
110882_C0,5,,,,,,,,,,,
110921_P1,1,,,,,,,,,,,
110941_PE,1,,,,,,,,,,,
110942_PE,1,,,,,,,,,,,
110943_PE,1,,,,,,,,,,,
110944_PE,1,,,,,,,,,,,
110971_N1,1,,,,,,,,,,,
110972_N2,1,,,,,,,,,,,
110973_N3,1,,,,,,,,,,,
110974_N4,1,,,,,,,,,,,
111011_P1,1,,,,,,,,,,,
111041_PE,1,,,,,,,,,,,
111101_PE,1,,,,,,,,,,,
111132_N1,45,,,,,,,,,,,
111133_N2,45,,,,,,,,,,,
111134_N3,45,,,,,,,,,,,
111135_N4,45,,,,,,,,,,,
111136_N5,45,,,,,,,,,,,
111137_N6,45,,,,,,,,,,,
111141_C1,100,,,,,,,,,,,
111142_C2,100,,,,,,,,,,,
111143_C0,150,,,,,,,,,,,
111161_1,1,,,,,,,,,,,
111181_N1,50,,,,,,,,,,,
111201_P1,1,,,,,,,,,,,
111202_P2,1,,,,,,,,,,,
111203_P3,1,,,,,,,,,,,
111221_1,37.3,,,,,,,,,,,
111241_2,37.3,,,,,,,,,,,
111261_1,37.3,,,,,,,,,,,
111262_1,37.3,,,,,,,,,,,
120001_EQ,1,,,,,,,,,,,
120013_N7,5,,,,,,,,,,,
120041_L1,1,,,,,,,,,,,
120042_L2,1,,,,,,,,,,,
120043_L3,1,,,,,,,,,,,
120051_N1,12,,,,,,,,,,,
120052_N1,12,,,,,,,,,,,
120053_N1,12,,,,,,,,,,,
120061_L1,150,,,,,,,,,,,
120071_L1,80,,,,,,,,,,,
120072_L2,80,,,,,,,,,,,
120081_C1,1,,,,,,,,,,,
120082_C0,1,,,,,,,,,,,
120091_C1,75,,,,,,,,,,,
120092_C2,75,,,,,,,,,,,
120093_C3,75,,,,,,,,,,,
120094_C0,55,,,,,,,,,,,
120101_C1,65,,,,,,,,,,,
120102_C2,65,,,,,,,,,,,
120103_C3,65,,,,,,,,,,,
120104_C0,190,,,,,,,,,,,
120111_C1,65,,,,,,,,,,,
120112_C2,65,,,,,,,,,,,
120113_C0,50,,,,,,,,,,,
120114_C3,65,,,,,,,,,,,
120115_C4,65,,,,,,,,,,,
120116_C0,50,,,,,,,,,,,
120131_L1,1,,,,,,,,,,,
120132_L2,1,,,,,,,,,,,
120141_N1,1,,,,,,,,,,,
120142_N2,1,,,,,,,,,,,
120151_N6,1,,,,,,,,,,,
120161_R1,70,,,,,,,,,,,
130001_C1,50,,,,,,,,,,,
130002_C2,50,,,,,,,,,,,
130003_C0,15,,,,,,,,,,,
130011_N1,1,,,,,,,,,,,
130012_N2,1,,,,,,,,,,,
130013_N3,1,,,,,,,,,,,
130014_N4,1,,,,,,,,,,,
130015_N5,1,,,,,,,,,,,
130121_W1,1,,,,,,,,,,,
130121_W2,1,,,,,,,,,,,
130221_W1,1,,,,,,,,,,,
130321_C1,70,,,,,,,,,,,
130322_C2,1,,,,,,,,,,,
130323_C0,1,,,,,,,,,,,
130324_C1,1,,,,,,,,,,,
130325_C2,1,,,,,,,,,,,
130326_C0,1,,,,,,,,,,,
130331_W1,1,,,,,,,,,,,
130431_W1,1,,,,,,,,,,,
130531_W1,1,,,,,,,,,,,
130631_W1,1,,,,,,,,,,,
130731_W1,1,,,,,,,,,,,
130831_W1,1,,,,,,,,,,,
130931_W1,1,,,,,,,,,,,
131031_W1,1,,,,,,,,,,,
131032_W1,1,,,,,,,,,,,
131131_PE,1,,,,,,,,,,,
131141_W1,1,,,,,,,,,,,
131142_W2,1,,,,,,,,,,,
131241_C1,40,,,,,,,,,,,
131242_C2,40,,,,,,,,,,,
131243_C0,50,,,,,,,,,,,
131244_C3,40,,,,,,,,,,,
131245_C4,40,,,,,,,,,,,
131246_C0,50,,,,,,,,,,,
131251_W1,1,,,,,,,,,,,
131351_W1,1,,,,,,,,,,,
131451_W1,1,,,,,,,,,,,
131455_W1,1,,,,,,,,,,,
131551_W1,1,,,,,,,,,,,
131651_W1,1,,,,,,,,,,,
131751_W2,1,,,,,,,,,,,
131752_W3,1,,,,,,,,,,,
131851_BT,1,,,,,,,,,,,
131851_W2,1,,,,,,,,,,,
131851_W1,1,,,,,,,,,,,
131951_W1,1,,,,,,,,,,,
131952_W1,1,,,,,,,,,,,
132111_W1,1,,,,,,,,,,,
132161_W2,1,,,,,,,,,,,
132211_W1,1,,,,,,,,,,,
132212_W2,1,,,,,,,,,,,
132311_N1,1,,,,,,,,,,,
132312_N2,1,,,,,,,,,,,
132332_S1,1,,,,,,,,,,,
132333_S2,1,,,,,,,,,,,
132382_W1,1,,,,,,,,,,,
132431_S1,1,,,,,,,,,,,
132436_1,1,,,,,,,,,,,
132481_S1,1,,,,,,,,,,,
132631_W1,1,,,,,,,,,,,
132681_W2,1,,,,,,,,,,,
132731_1,1,,,,,,,,,,,
132781_G1,1,,,,,,,,,,,
132831_S1,1,,,,,,,,,,,
132881_S1,1,,,,,,,,,,,
132931_BT,1,,,,,,,,,,,
132941_1,1,,,,,,,,,,,
132991_W1,1,,,,,,,,,,,
140001_EQ,1,,,,,,,,,,,
140003_C1,97.9,,,,,,,,,,,
140004_C2,97.9,,,,,,,,,,,
140005_C0,71.6,,,,,,,,,,,
140011_H1,1,,,,,,,,,,,
140012_H2,1,,,,,,,,,,,
140031_PE,150,,,,,,,,,,,
140041_C3,2,,,,,,,,,,,
140041_C1,2,,,,,,,,,,,
140042_C0,2,,,,,,,,,,,
140042_C2,2,,,,,,,,,,,
140051_C1,40,,,,,,,,,,,
140052_C2,40,,,,,,,,,,,
140053_C0,35,,,,,,,,,,,
140061_C1,1,,,,,,,,,,,
140062_C2,1,,,,,,,,,,,
140063_C0,1,,,,,,,,,,,
140064_C4,1,,,,,,,,,,,
140065_C5,1,,,,,,,,,,,
140066_C0,1,,,,,,,,,,,
140071_C1,60,,,,,,,,,,,
140072_C2,60,,,,,,,,,,,
140073_C0,110,,,,,,,,,,,
140074_C4,60,,,,,,,,,,,
140075_C5,60,,,,,,,,,,,
140076_C0,110,,,,,,,,,,,
140081_W1,1,,,,,,,,,,,
140181_W1,1,,,,,,,,,,,
140281_W1,1,,,,,,,,,,,
140331_W1,1,,,,,,,,,,,
140381_BT,1,,,,,,,,,,,
140381_W1,1,,,,,,,,,,,
140382_W2,1,,,,,,,,,,,
140401_W2,1,,,,,,,,,,,
140441_W1,1,,,,,,,,,,,
140471_W1,1,,,,,,,,,,,
140472_W1,1,,,,,,,,,,,
140501_W1,1,,,,,,,,,,,
140502_W2,1,,,,,,,,,,,
140601_W1,1,,,,,,,,,,,
140602_W2,1,,,,,,,,,,,
140651_W1,1,,,,,,,,,,,
140652_W2,1,,,,,,,,,,,
140654_W3,1,,,,,,,,,,,
140655_W4,1,,,,,,,,,,,
140701_W1,1,,,,,,,,,,,
140751_W1,1,,,,,,,,,,,
140752_W2,1,,,,,,,,,,,
140801_W1,1,,,,,,,,,,,
140802_W2,1,,,,,,,,,,,
140851_W1,1,,,,,,,,,,,
140852_W2,1,,,,,,,,,,,
140901_W1,1,,,,,,,,,,,
140902_W2,1,,,,,,,,,,,
140951_W1,1,,,,,,,,,,,
140952_W2,1,,,,,,,,,,,
141001_W1,1,,,,,,,,,,,
141051_W1,1,,,,,,,,,,,
141052_W2,1,,,,,,,,,,,
141151_W1,1,,,,,,,,,,,
141202_W1,1,,,,,,,,,,,
141205_W2,1,,,,,,,,,,,
141302_W1,1,,,,,,,,,,,
141353_W1,1,,,,,,,,,,,
141354_W2,1,,,,,,,,,,,
141401_W1,1,,,,,,,,,,,
141451_W2,1,,,,,,,,,,,
141501_W2,1,,,,,,,,,,,
141501_W1,1,,,,,,,,,,,
141601_N1,6,,,,,,,,,,,
141602_N2,6,,,,,,,,,,,
141603_N3,6,,,,,,,,,,,
141604_N4,70,,,,,,,,,,,
141608_N5,70,,,,,,,,,,,
141609_N6,70,,,,,,,,,,,
141662_S1,1,,,,,,,,,,,
141711_W1,1,,,,,,,,,,,
141761_W1,1,,,,,,,,,,,
141762_W2,1,,,,,,,,,,,
141811_W1,1,,,,,,,,,,,
141812_W2,1,,,,,,,,,,,
141861_W1,1,,,,,,,,,,,
141862_W2,1,,,,,,,,,,,
142011_W1,1,,,,,,,,,,,
142061_1,1,,,,,,,,,,,
142111_2,1,,,,,,,,,,,
150011_H1,1,,,,,,,,,,,
150012_H2,1,,,,,,,,,,,
150021_N6,15,,,,,,,,,,,
150022_N7,15,,,,,,,,,,,
150023_N8,100,,,,,,,,,,,
150041_N1,1,,,,,,,,,,,
150042_N2,1,,,,,,,,,,,
150051_N3,50,,,,,,,,,,,
150052_N4,120,,,,,,,,,,,
150053_N5,120,,,,,,,,,,,
150071_N4,15,,,,,,,,,,,
150072_N5,15,,,,,,,,,,,
150081_N1,15,,,,,,,,,,,
150082_N2,15,,,,,,,,,,,
150083_N3,25,,,,,,,,,,,
150084_N4,40,,,,,,,,,,,
150091_N1,1,,,,,,,,,,,
150092_N2,1,,,,,,,,,,,
150101_L1,225,,,,,,,,,,,
150102_L2,307,,,,,,,,,,,
150111_U1,1,,,,,,,,,,,
150112_U2,1,,,,,,,,,,,
150121_C1,25,,,,,,,,,,,
150122_C0,25,,,,,,,,,,,
150131_N1,10,,,,,,,,,,,
150132_N2,15,,,,,,,,,,,
150133_N3,15,,,,,,,,,,,
150134_N4,35,,,,,,,,,,,
150135_N5,35,,,,,,,,,,,
150141_C1,75,,,,,,,,,,,
150142_C2,75,,,,,,,,,,,
150143_C0,60,,,,,,,,,,,
150144_C3,75,,,,,,,,,,,
150145_C0,60,,,,,,,,,,,
150151_N1,110,,,,,,,,,,,
150152_N2,110,,,,,,,,,,,
150153_N3,110,,,,,,,,,,,
150154_N4,110,,,,,,,,,,,
150155_N5,110,,,,,,,,,,,
150156_N6,60,,,,,,,,,,,
150161_C1,1,,,,,,,,,,,
150162_C0,1,,,,,,,,,,,
150171_C1,84,,,,,,,,,,,
150172_C2,84,,,,,,,,,,,
150173_C0,84,,,,,,,,,,,
150181_C1,1,,,,,,,,,,,
150182_C2,1,,,,,,,,,,,
150183_C3,1,,,,,,,,,,,
150184_C0,1,,,,,,,,,,,
150185_C1,1,,,,,,,,,,,
150186_C2,1,,,,,,,,,,,
150187_C3,1,,,,,,,,,,,
150188_C0,1,,,,,,,,,,,
150191_C1,75,,,,,,,,,,,
150192_C2,75,,,,,,,,,,,
150193_C0,75,,,,,,,,,,,
150201_C1,60,,,,,,,,,,,
150202_C2,60,,,,,,,,,,,
150203_C0,25,,,,,,,,,,,
150204_C4,60,,,,,,,,,,,
150205_C5,60,,,,,,,,,,,
150206_C0,25,,,,,,,,,,,
150211_W1,1,,,,,,,,,,,
150311_W1,1,,,,,,,,,,,
150312_W2,1,,,,,,,,,,,
150411_W1,1,,,,,,,,,,,
150511_W1,1,,,,,,,,,,,
150611_W1,1,,,,,,,,,,,
150711_N1,8,,,,,,,,,,,
150712_N1,4.5,,,,,,,,,,,
150712_N3,4.5,,,,,,,,,,,
150712_N2,4.5,,,,,,,,,,,
150713_N2,8,,,,,,,,,,,
150714_N3,10,,,,,,,,,,,
150721_N1,1,,,,,,,,,,,
150722_N2,1,,,,,,,,,,,
150723_N3,1,,,,,,,,,,,
150724_N4,1,,,,,,,,,,,
150741_L1,1,,,,,,,,,,,
150751_W1,1,,,,,,,,,,,
150752_W2,1,,,,,,,,,,,
150801_W1,1,,,,,,,,,,,
150901_C1,97.9,,,,,,,,,,,
150902_C2,97.9,,,,,,,,,,,
150903_C0,71.6,,,,,,,,,,,
150904_C1,97.9,,,,,,,,,,,
150905_C2,97.9,,,,,,,,,,,
150906_C0,71.6,,,,,,,,,,,
150962_W1,1,,,,,,,,,,,
150981_W1,1,,,,,,,,,,,
151031_W1,1,,,,,,,,,,,
151032_W2,1,,,,,,,,,,,
151081_C1,50,,,,,,,,,,,
151082_C2,50,,,,,,,,,,,
151083_C0,50,,,,,,,,,,,
151091_W1,1,,,,,,,,,,,
151091_W2,1,,,,,,,,,,,
151142_W1,1,,,,,,,,,,,
151191_N1,3.76,,,,,,,,,,,
151192_N2,3.76,,,,,,,,,,,
151193_N3,3.76,,,,,,,,,,,
151194_N4,3.76,,,,,,,,,,,
160000_EQ,1,,,,,,,,,,,
160002_N4,1,,,,,,,,,,,
160003_N5,1,,,,,,,,,,,
160007_F2,1,,,,,,,,,,,
160007_F1,1,,,,,,,,,,,
160008_B1,1,,,,,,,,,,,
160051_H3,1,,,,,,,,,,,
160051_H1,1,,,,,,,,,,,
160051_H2,1,,,,,,,,,,,
160061_H1,1,,,,,,,,,,,
160062_H2,1,,,,,,,,,,,
160063_H3,1,,,,,,,,,,,
160074_N1,1,,,,,,,,,,,
160075_N2,1,,,,,,,,,,,
160076_N3,1,,,,,,,,,,,
160077_N4,1,,,,,,,,,,,
160091_C0,53,,,,,,,,,,,
160092_C8,55,,,,,,,,,,,
160093_C9,55,,,,,,,,,,,
160101_N1,60,,,,,,,,,,,
160102_C0,53,,,,,,,,,,,
160103_C3,55,,,,,,,,,,,
160104_C4,55,,,,,,,,,,,
160121_L1,1,,,,,,,,,,,
160131_L1,1,,,,,,,,,,,
160141_P1,1,,,,,,,,,,,
160142_P2,1,,,,,,,,,,,
160151_PE,1,,,,,,,,,,,
160152_PE,1,,,,,,,,,,,
160153_PE,1,,,,,,,,,,,
160161_P1,1,,,,,,,,,,,
160191_C1,65,,,,,,,,,,,
160192_C2,65,,,,,,,,,,,
160193_C0,55,,,,,,,,,,,
160201_PE,1,,,,,,,,,,,
160202_PE,1,,,,,,,,,,,
160203_PE,1,,,,,,,,,,,
160211_PE,1,,,,,,,,,,,
160221_P1,1,,,,,,,,,,,
160231_C1,110,,,,,,,,,,,
160232_C2,110,,,,,,,,,,,
160233_C0,70,,,,,,,,,,,
160261_PE,1,,,,,,,,,,,
160262_PE,1,,,,,,,,,,,
160263_PE,1,,,,,,,,,,,
160272_C0,15,,,,,,,,,,,
160273_C9,32,,,,,,,,,,,
160274_NA,10,,,,,,,,,,,
160291_W1,1,,,,,,,,,,,
160292_W2,1,,,,,,,,,,,
160293_W3,1,,,,,,,,,,,
160296_W1,1,,,,,,,,,,,
160297_W2,1,,,,,,,,,,,
160391_W1,1,,,,,,,,,,,
160392_W1,1,,,,,,,,,,,
160491_W1,1,,,,,,,,,,,
160492_W2,1,,,,,,,,,,,
160591_W1,1,,,,,,,,,,,
160593_W2,1,,,,,,,,,,,
160691_W1,1,,,,,,,,,,,
160693_W2,1,,,,,,,,,,,
160741_W1,1,,,,,,,,,,,
160742_W2,1,,,,,,,,,,,
160832_W1,1,,,,,,,,,,,
160881_W1,1,,,,,,,,,,,
160982_W1,1,,,,,,,,,,,
161032_N1,1,,,,,,,,,,,
161033_N2,1,,,,,,,,,,,
161034_N3,1,,,,,,,,,,,
161035_N4,1,,,,,,,,,,,
161052_W1,1,,,,,,,,,,,
161102_W1,1,,,,,,,,,,,
161103_W2,1,,,,,,,,,,,
161106_W3,1,,,,,,,,,,,
161107_W4,1,,,,,,,,,,,
161108_W5,1,,,,,,,,,,,
161201_W1,1,,,,,,,,,,,
161451_W1,1,,,,,,,,,,,
161452_W2,1,,,,,,,,,,,
161551_W1,1,,,,,,,,,,,
161602_W1,1,,,,,,,,,,,
161701_W1,1,,,,,,,,,,,
161701_W2,1,,,,,,,,,,,
161702_W3,1,,,,,,,,,,,
161751_W1,1,,,,,,,,,,,
161752_W2,1,,,,,,,,,,,
170011_H1,1,,,,,,,,,,,
170021_H2,1,,,,,,,,,,,
170021_H1,1,,,,,,,,,,,
170031_H1,1,,,,,,,,,,,
170032_H2,1,,,,,,,,,,,
170033_H3,1,,,,,,,,,,,
170041_H1,1,,,,,,,,,,,
170042_H2,1,,,,,,,,,,,
170051_H1,1,,,,,,,,,,,
170052_H2,1,,,,,,,,,,,
170063_L1,18,,,,,,,,,,,
170064_L2,18,,,,,,,,,,,
170065_L3,18,,,,,,,,,,,
170066_L4,18,,,,,,,,,,,
170071_N1,15,,,,,,,,,,,
170072_N2,15,,,,,,,,,,,
170073_N3,50,,,,,,,,,,,
170101_L1,130,,,,,,,,,,,
170102_L2,130,,,,,,,,,,,
170103_L3,160,,,,,,,,,,,
170111_H1,1,,,,,,,,,,,
170111_H2,1,,,,,,,,,,,
170121_L1,100,,,,,,,,,,,
170122_L2,100,,,,,,,,,,,
170123_N1,55,,,,,,,,,,,
170124_N2,55,,,,,,,,,,,
170125_L1,100,,,,,,,,,,,
170126_L2,270,,,,,,,,,,,
170131_N1,55,,,,,,,,,,,
170132_N2,55,,,,,,,,,,,
170133_N3,65,,,,,,,,,,,
170134_C1,85,,,,,,,,,,,
170135_C2,85,,,,,,,,,,,
170136_C0,45,,,,,,,,,,,
170137_N1,18,,,,,,,,,,,
170138_N2,18,,,,,,,,,,,
170139_N3,18,,,,,,,,,,,
170140_N4,18,,,,,,,,,,,
170151_N1,40,,,,,,,,,,,
170152_N2,40,,,,,,,,,,,
170153_N3,1,,,,,,,,,,,
170154_N4,1,,,,,,,,,,,
170155_N5,1,,,,,,,,,,,
170156_N6,1,,,,,,,,,,,
170161_C1,87,,,,,,,,,,,
170162_C2,87,,,,,,,,,,,
170164_C3,87,,,,,,,,,,,
170165_C4,87,,,,,,,,,,,
170166_C0,60,,,,,,,,,,,
170171_C1,65,,,,,,,,,,,
170172_C2,65,,,,,,,,,,,
170173_C0,65,,,,,,,,,,,
170181_C1,75,,,,,,,,,,,
170182_C2,75,,,,,,,,,,,
170183_C0,120,,,,,,,,,,,
170191_N1,150,,,,,,,,,,,
170192_N2,150,,,,,,,,,,,
170193_N3,150,,,,,,,,,,,
170194_N4,150,,,,,,,,,,,
170200_S1,1,,,,,,,,,,,
170201_C1,75,,,,,,,,,,,
170202_C2,75,,,,,,,,,,,
170203_C3,75,,,,,,,,,,,
170204_C0,50,,,,,,,,,,,
170211_N1,1,,,,,,,,,,,
170212_N2,1,,,,,,,,,,,
170213_N3,1,,,,,,,,,,,
170214_N4,1,,,,,,,,,,,
170215_C5,18,,,,,,,,,,,
170216_C0,50,,,,,,,,,,,
170217_N6,1,,,,,,,,,,,
170218_N7,1,,,,,,,,,,,
170231_W1,1,,,,,,,,,,,
170232_W1,1,,,,,,,,,,,
170233_W1,1,,,,,,,,,,,
170234_W1,1,,,,,,,,,,,
170235_W1,1,,,,,,,,,,,
170331_N2,10,,,,,,,,,,,
170331_N1,10,,,,,,,,,,,
170332_N4,10,,,,,,,,,,,
170332_N3,10,,,,,,,,,,,
170341_S1,1,,,,,,,,,,,
170381_BT,1,,,,,,,,,,,
170381_S1,1,,,,,,,,,,,
170401_N1,4,,,,,,,,,,,
170402_N2,4,,,,,,,,,,,
170441_W1,1,,,,,,,,,,,
180001_H1,1,,,,,,,,,,,
180002_H2,1,,,,,,,,,,,
180003_H3,1,,,,,,,,,,,
180012_C1,14.4,,,,,,,,,,,
180013_C2,14.4,,,,,,,,,,,
180014_C0,5,,,,,,,,,,,
180021_H1,1,,,,,,,,,,,
180022_H2,1,,,,,,,,,,,
180031_N1,1,,,,,,,,,,,
180032_N2,1,,,,,,,,,,,
180033_N3,1,,,,,,,,,,,
180034_N4,1,,,,,,,,,,,
180035_N5,1,,,,,,,,,,,
180036_N6,1,,,,,,,,,,,
180051_W1,1,,,,,,,,,,,
180053_W1,1,,,,,,,,,,,
180151_W1,1,,,,,,,,,,,
180153_W2,1,,,,,,,,,,,
180153_W1,1,,,,,,,,,,,
180156_W2,1,,,,,,,,,,,
180156_W1,1,,,,,,,,,,,
180159_W1,1,,,,,,,,,,,
180160_W1,1,,,,,,,,,,,
180162_W1,1,,,,,,,,,,,
180251_W1,1,,,,,,,,,,,
180252_W2,1,,,,,,,,,,,
180351_W1,1,,,,,,,,,,,
180441_PE,1,,,,,,,,,,,
180442_PE,1,,,,,,,,,,,
180443_PE,1,,,,,,,,,,,
180450_W1,1,,,,,,,,,,,
180451_W1,1,,,,,,,,,,,
180452_W2,1,,,,,,,,,,,
180453_W1,1,,,,,,,,,,,
180456_W1,1,,,,,,,,,,,
180458_W1,1,,,,,,,,,,,
180460_W1,1,,,,,,,,,,,
180462_W1,1,,,,,,,,,,,
180551_W1,1,,,,,,,,,,,
180651_W1,1,,,,,,,,,,,
180652_W2,1,,,,,,,,,,,
180751_W1,1,,,,,,,,,,,
180753_W1,1,,,,,,,,,,,
180756_W1,1,,,,,,,,,,,
180758_W1,1,,,,,,,,,,,
180851_W1,1,,,,,,,,,,,
180951_W1,1,,,,,,,,,,,
180957_BT,1,,,,,,,,,,,
180957_W1,1,,,,,,,,,,,
180960_W1,1,,,,,,,,,,,
181011_W2,1,,,,,,,,,,,
181031_W2,1,,,,,,,,,,,
181031_BT,1,,,,,,,,,,,
181051_W1,1,,,,,,,,,,,
181151_W3,1,,,,,,,,,,,
181151_W1,1,,,,,,,,,,,
181152_W4,1,,,,,,,,,,,
181152_W2,1,,,,,,,,,,,
181251_W1,1,,,,,,,,,,,
181351_W2,1,,,,,,,,,,,
181351_W1,1,,,,,,,,,,,
181451_W1,1,,,,,,,,,,,
181551_W1,1,,,,,,,,,,,
181552_W2,1,,,,,,,,,,,
181651_S1,1,,,,,,,,,,,
181651_S2,1,,,,,,,,,,,
181681_S1,1,,,,,,,,,,,
181732_S1,1,,,,,,,,,,,
181751_W1,1,,,,,,,,,,,
181752_W2,1,,,,,,,,,,,
181851_W1,1,,,,,,,,,,,
181901_W2,1,,,,,,,,,,,
181951_1,1,,,,,,,,,,,
182001_1,1,,,,,,,,,,,
182052_W1,1,,,,,,,,,,,
901841_B2,1,,,,,,,,,,,
902527_W1,1,,,,,,,,,,,
902542_W2,1,,,,,,,,,,,
