//Scenario,Injector,Dispatch,Enforce,ScaleFactor,Schedule,Sequence
ScnDA,110756_chg,,1,,chg_110756_chg,
ScnDA,120095_chg,,1,,chg_120095_chg,
ScnDA,130328_chg,,1,,chg_130328_chg,
ScnDA,13436_chg,,1,,chg_13436_chg,
ScnDA,140803_chg,,1,,chg_140803_chg,
ScnDA,1414_chg,,1,,chg_1414_chg,
ScnDA,1543_chg,,1,,chg_1543_chg,
ScnDA,1695_chg,,1,,chg_1695_chg,
ScnDA,1798_chg,,1,,chg_1798_chg,
ScnDA,2019_chg,,1,,chg_2019_chg,
ScnDA,2142_chg,,1,,chg_2142_chg,
ScnDA,2173_chg,,1,,chg_2173_chg,
ScnDA,2175_chg,,1,,chg_2175_chg,
ScnDA,2339_chg,,1,,chg_2339_chg,
ScnDA,2653_chg,,1,,chg_2653_chg,
ScnDA,3203_chg,,1,,chg_3203_chg,
ScnDA,3310_chg,,1,,chg_3310_chg,
ScnDA,3471_chg,,1,,chg_3471_chg,
ScnDA,38131_chg,,1,,chg_38131_chg,
ScnDA,38360_chg,,1,,chg_38360_chg,
ScnDA,39030_chg,,1,,chg_39030_chg,
ScnDA,415_chg,,1,,chg_415_chg,
ScnDA,44450_chg,,1,,chg_44450_chg,
ScnDA,44650_chg,,1,,chg_44650_chg,
ScnDA,46615_chg,,1,,chg_46615_chg,
ScnDA,47191_chg,,1,,chg_47191_chg,
ScnDA,5165_chg,,1,,chg_5165_chg,
ScnDA,5423_chg,,1,,chg_5423_chg,
ScnDA,60091_chg,,1,,chg_60091_chg,
ScnDA,6032_chg,,1,,chg_6032_chg,
ScnDA,628_chg,,1,,chg_628_chg,
ScnDA,6317_chg,,1,,chg_6317_chg,
ScnDA,6560_chg,,1,,chg_6560_chg,
ScnDA,7172_chg,,1,,chg_7172_chg,
ScnDA,7236_chg,,1,,chg_7236_chg,
ScnDA,7315_chg,,1,,chg_7315_chg,
ScnDA,7387_chg,,1,,chg_7387_chg,
ScnDA,78111_chg,,1,,chg_78111_chg,
ScnDA,79000_chg,,1,,chg_79000_chg,
ScnDA,8169_chg,,1,,chg_8169_chg,
ScnDA,8367_chg,,1,,chg_8367_chg,
ScnDA,8403_chg,,1,,chg_8403_chg,
ScnDA,8519_chg,,1,,chg_8519_chg,
ScnDA,8635_chg,,1,,chg_8635_chg,
ScnDA,9179_chg,,1,,chg_9179_chg,
ScnDA,921_chg,,1,,chg_921_chg,
ScnDA,9395_chg,,1,,chg_9395_chg,
